key,Q48,,,,,,,,,,,,,,
content,"The following are the descriptions for the attitude on technical products, please choose one option which fits you the most",,,,,,,,,,,,,,
qlist,Q48,,,,,,,,,,,,,,
qtype,单选题,,,,,,,,,,,,,,
name,attitude on technical products,,,,,,,,,,,,,,
code,1,I'll be the first to try once some new technical products are in the market.   ,,,,,,,,,,,,,
,2,I usually buy latest technical products only after sufficient comparing.   ,,,,,,,,,,,,,
,3,"I may not be the first one to purchase the new technical products, but will be earlier than the majority.   ",,,,,,,,,,,,,
,4,I'd rather buy a matured technical product than a latest one.  ,,,,,,,,,,,,,
,5,I'll only buy it when this new technical product has already become a standard and won't make any changes.  ,,,,,,,,,,,,,
key,Q47,,,,,,,,,,,,,,
content,"The following is the description of personal consumption statement. Please evaluate the following statements by issuing ""1-5"" while a “5” stands for you completely agree with the statement and “1” means you completely NOT agree with the statement",,,,,,,,,,,,,,
qlist,Q47_1,,,,,,,,,,,,,,
,Q47_2,,,,,,,,,,,,,,
,Q47_3,,,,,,,,,,,,,,
,Q47_4,,,,,,,,,,,,,,
,Q47_5,,,,,,,,,,,,,,
,Q47_6,,,,,,,,,,,,,,
,Q47_7,,,,,,,,,,,,,,
,Q47_8,,,,,,,,,,,,,,
,Q47_9,,,,,,,,,,,,,,
qtype,矩阵单选题,,,,,,,,,,,,,,
name,personal consumption,,,,,,,,,,,,,,
code,1,我非常不赞成,,,,,,,,,,,,,
,2,我不赞成,,,,,,,,,,,,,
,3,一般,,,,,,,,,,,,,
,4,我赞成,,,,,,,,,,,,,
,5,我非常赞成,,,,,,,,,,,,,
code_r,Q47_1,Price is an important criteria. I tend to buy relatively inexpensive product ,,,,,,,,,,,,,
,Q47_2,"I focus on product basic function, it needs to be practical ",,,,,,,,,,,,,
,Q47_3,"I focus on product intelligent and user-friendly, easy to operate very important ",,,,,,,,,,,,,
,Q47_4,I trust well-known brand products ,,,,,,,,,,,,,
,Q47_5,"I focus on product design and appearance, needs to decorate my living   environment ",,,,,,,,,,,,,
,Q47_6,I am very easy to be influenced by the store sales' recommendation and sell ,,,,,,,,,,,,,
,Q47_7,I am often attracted by promotional activities,,,,,,,,,,,,,
,Q47_8,"I focus on product details, will spend a lot of time to choose and compare ",,,,,,,,,,,,,
,Q47_9,Willing to  pay a premium price for product with the newest technology and advanced features ,,,,,,,,,,,,,
key,Q46,,,,,,,,,,,,,,
content,Here are some statements people are talking about Mobile Phone. Please select statements that fit you well,,,,,,,,,,,,,,
qlist,Q46_1,,,,,,,,,,,,,,
,Q46_2,,,,,,,,,,,,,,
,Q46_3,,,,,,,,,,,,,,
,Q46_4,,,,,,,,,,,,,,
,Q46_5,,,,,,,,,,,,,,
,Q46_6,,,,,,,,,,,,,,
,Q46_7,,,,,,,,,,,,,,
,Q46_8,,,,,,,,,,,,,,
,Q46_9,,,,,,,,,,,,,,
qtype,多选题,,,,,,,,,,,,,,
name,attitude on Mobile Phone,,,,,,,,,,,,,,
code,1,Bringing a luxurious mobile phone will increase my value in other people's eyes.   ,,,,,,,,,,,,,
,2,"The more expensive the mobile phone you have, the higher level of estate you are.   ",,,,,,,,,,,,,
,3,Mobile phone helps me to be connected with people.   ,,,,,,,,,,,,,
,4,Mobile phone expresses the successful level of a person.   ,,,,,,,,,,,,,
,5,The advanced functions in my mobile phone really help me a lot in my daily works.   ,,,,,,,,,,,,,
,6,I cannot live without my mobile phone/ I cannot do anything without my mobile phone.   ,,,,,,,,,,,,,
,7,Mobile phone shows my style and personality.   ,,,,,,,,,,,,,
,8,My efficiency/effectiveness would drop if there were no cellphone.   ,,,,,,,,,,,,,
,9,A trendy/updated cellphone will make me more confident to be in tune with my friends.   ,,,,,,,,,,,,,
key,Q46,,,,,,,,,,,,,,
content,Here are some statements people are talking about Mobile Phone. Please select statements that fit you well,,,,,,,,,,,,,,
qlist,Q46_1,,,,,,,,,,,,,,
,Q46_2,,,,,,,,,,,,,,
,Q46_3,,,,,,,,,,,,,,
,Q46_4,,,,,,,,,,,,,,
,Q46_5,,,,,,,,,,,,,,
,Q46_6,,,,,,,,,,,,,,
,Q46_7,,,,,,,,,,,,,,
,Q46_8,,,,,,,,,,,,,,
,Q46_9,,,,,,,,,,,,,,
qtype,多选题,,,,,,,,,,,,,,
name,attitude on Mobile Phone,,,,,,,,,,,,,,
code,1,Bringing a luxurious mobile phone will increase my value in other people's eyes.   ,,,,,,,,,,,,,
,2,"The more expensive the mobile phone you have, the higher level of estate you are.   ",,,,,,,,,,,,,
,3,Mobile phone helps me to be connected with people.   ,,,,,,,,,,,,,
,4,Mobile phone expresses the successful level of a person.   ,,,,,,,,,,,,,
,5,The advanced functions in my mobile phone really help me a lot in my daily works.   ,,,,,,,,,,,,,
,6,I cannot live without my mobile phone/ I cannot do anything without my mobile phone.   ,,,,,,,,,,,,,
,7,Mobile phone shows my style and personality.   ,,,,,,,,,,,,,
,8,My efficiency/effectiveness would drop if there were no cellphone.   ,,,,,,,,,,,,,
,9,A trendy/updated cellphone will make me more confident to be in tune with my friends.   ,,,,,,,,,,,,,
key,Q24,,,,,,,,,,,,,,
content,Which of the following buy factors would you consider on your purchase decision of mobile phone?,,,,,,,,,,,,,,
qlist,Q24_1,,,,,,,,,,,,,,
,Q24_2,,,,,,,,,,,,,,
,Q24_3,,,,,,,,,,,,,,
,Q24_4,,,,,,,,,,,,,,
,Q24_5,,,,,,,,,,,,,,
,Q24_6,,,,,,,,,,,,,,
,Q24_7,,,,,,,,,,,,,,
,Q24_8,,,,,,,,,,,,,,
,Q24_9,,,,,,,,,,,,,,
,Q24_10,,,,,,,,,,,,,,
,Q24_11,,,,,,,,,,,,,,
,Q24_12,,,,,,,,,,,,,,
,Q24_13,,,,,,,,,,,,,,
,Q24_14,,,,,,,,,,,,,,
,Q24_15,,,,,,,,,,,,,,
,Q24_16,,,,,,,,,,,,,,
,Q24_17,,,,,,,,,,,,,,
,Q24_18,,,,,,,,,,,,,,
,Q24_19,,,,,,,,,,,,,,
,Q24_20,,,,,,,,,,,,,,
qtype,多选题,,,,,,,,,,,,,,
name,buy factors,,,,,,,,,,,,,,
code,Q24_1,品牌,,,,,,,,,,,,,
,Q24_2,材质&质地,,,,,,,,,,,,,
,Q24_3,中央处理器,,,,,,,,,,,,,
,Q24_4,操作系统,,,,,,,,,,,,,
,Q24_5,性价比,,,,,,,,,,,,,
,Q24_6,设计,,,,,,,,,,,,,
,Q24_7,可用性,,,,,,,,,,,,,
,Q24_8,销售人员推荐,,,,,,,,,,,,,
,Q24_9,售后服务,,,,,,,,,,,,,
,Q24_10,个人资料安全,,,,,,,,,,,,,
,Q24_11,续航时间,,,,,,,,,,,,,
,Q24_12,主摄像头质量,,,,,,,,,,,,,
,Q24_13,自拍摄像头质量,,,,,,,,,,,,,
,Q24_14,存储容量,,,,,,,,,,,,,
,Q24_15,屏幕大小,,,,,,,,,,,,,
,Q24_16,屏幕分辨率,,,,,,,,,,,,,
,Q24_17,易使用,,,,,,,,,,,,,
,Q24_18,音质,,,,,,,,,,,,,
,Q24_19,口碑,,,,,,,,,,,,,
,Q24_20,促销,,,,,,,,,,,,,
key,Q3,,,,,,,,,,,,,,
content,性别,,,,,,,,,,,,,,
qlist,Q3,,,,,,,,,,,,,,
qtype,单选题,,,,,,,,,,,,,,
name,gender,,,,,,,,,,,,,,
code,1,男,,,,,,,,,,,,,
,2,女,,,,,,,,,,,,,
code_order,男,,,,,,,,,,,,,,
,女,,,,,,,,,,,,,,
key,Q5,,,,,,,,,,,,,,
content,年龄,,,,,,,,,,,,,,
qlist,Q5,,,,,,,,,,,,,,
qtype,单选题,,,,,,,,,,,,,,
name,Age,,,,,,,,,,,,,,
code,1,14岁以下,,,,,,,,,,,,,
,2,15-17岁,,,,,,,,,,,,,
,3,18-25岁  ,,,,,,,,,,,,,
,4,26-30岁   ,,,,,,,,,,,,,
,5,31-35岁,,,,,,,,,,,,,
,6,36-40岁   ,,,,,,,,,,,,,
,7,41-45岁,,,,,,,,,,,,,
,8,46-50岁   ,,,,,,,,,,,,,
,9,51-55岁  ,,,,,,,,,,,,,
,10,56-60岁   ,,,,,,,,,,,,,
,11,61-65岁  ,,,,,,,,,,,,,
,12,66岁以上,,,,,,,,,,,,,
code_order,14岁以下,,,,,,,,,,,,,,
,15-17岁,,,,,,,,,,,,,,
,18-25岁  ,,,,,,,,,,,,,,
,26-30岁   ,,,,,,,,,,,,,,
,31-35岁,,,,,,,,,,,,,,
,36-40岁   ,,,,,,,,,,,,,,
,41-45岁,,,,,,,,,,,,,,
,46-50岁   ,,,,,,,,,,,,,,
,51-55岁  ,,,,,,,,,,,,,,
,56-60岁   ,,,,,,,,,,,,,,
,61-65岁  ,,,,,,,,,,,,,,
,66岁以上,,,,,,,,,,,,,,
key,Q8,,,,,,,,,,,,,,
content,What kind of following devices do you have and currently use?,,,,,,,,,,,,,,
qlist,Q8_1,,,,,,,,,,,,,,
,Q8_2,,,,,,,,,,,,,,
,Q8_3,,,,,,,,,,,,,,
,Q8_4,,,,,,,,,,,,,,
,Q8_5,,,,,,,,,,,,,,
,Q8_6,,,,,,,,,,,,,,
,Q8_7,,,,,,,,,,,,,,
,Q8_8,,,,,,,,,,,,,,
,Q8_9,,,,,,,,,,,,,,
,Q8_10,,,,,,,,,,,,,,
,Q8_11,,,,,,,,,,,,,,
,Q8_12,,,,,,,,,,,,,,
,Q8_13,,,,,,,,,,,,,,
,Q8_14,,,,,,,,,,,,,,
qtype,多选题,,,,,,,,,,,,,,
name,devices,,,,,,,,,,,,,,
code,Q8_1,Gaming console ,,,,,,,,,,,,,
,Q8_2,Traditional watch,,,,,,,,,,,,,
,Q8_3,Smart watch,,,,,,,,,,,,,
,Q8_4,MP3-Player ,,,,,,,,,,,,,
,Q8_5,Home sound system ,,,,,,,,,,,,,
,Q8_6,TV ,,,,,,,,,,,,,
,Q8_7,Tablet ,,,,,,,,,,,,,
,Q8_8,Headphones,,,,,,,,,,,,,
,Q8_9,Feature Phone (Just use for making a call and receiving/replying to text messages ) ,,,,,,,,,,,,,
,Q8_10,"Smart Phone (A cell phone based on an operating system (e.g. iOS, Android, MS Windows) that allows it to run applications)",,,,,,,,,,,,,
,Q8_11,Desktop (A computer with separation of CPU and Displayer. Place on the table generally） ,,,,,,,,,,,,,
,Q8_12,"Laptop (A computer with small body, portable, integration of CPU and Displayer)",,,,,,,,,,,,,
,Q8_13,Smart Band,,,,,,,,,,,,,
,Q8_14,None of the above ,,,,,,,,,,,,,
,Q8_15,Smart projector,,,,,,,,,,,,,
,Q8_16,Home pico projector,,,,,,,,,,,,,
key,Q9,,,,,,,,,,,,,,
content,How many mobile phones do you use currently?,,,,,,,,,,,,,,
qlist,Q9,,,,,,,,,,,,,,
qtype,单选题,,,,,,,,,,,,,,
code,1,1部,,,,,,,,,,,,,
,2,2部,,,,,,,,,,,,,
,3,3部及以上,,,,,,,,,,,,,
key,Q10,,,,,,,,,,,,,,
content,"What's your role when purchasing your phone? Please answer following questions based on the mobile phone you currently use most often. 
",,,,,,,,,,,,,,
qlist,Q10,,,,,,,,,,,,,,
qtype,单选题,,,,,,,,,,,,,,
code,1,I decide which mobile phone to buy on my own. ,,,,,,,,,,,,,
,2,I decide which mobile phone to buy but my friend/family give me some advices. ,,,,,,,,,,,,,
,3,Others decide which mobile phone to buy and I give some advices. ,,,,,,,,,,,,,
,4,Others bought this mobile phone for me. ,,,,,,,,,,,,,
key,Q11,,,,,,,,,,,,,,
content,How long ago did you obtain the mobile phone you use most often？,,,,,,,,,,,,,,
qlist,Q11,,,,,,,,,,,,,,
qtype,单选题,,,,,,,,,,,,,,
code,1,Within 3 months ,,,,,,,,,,,,,
,2,3-6 months ago ,,,,,,,,,,,,,
,3,6 months to 1 year ago ,,,,,,,,,,,,,
,4,1-2 years ago ,,,,,,,,,,,,,
,5,2-3 years ago ,,,,,,,,,,,,,
,6,More than 3 year ago ,,,,,,,,,,,,,
key,Q53,,,,,,,,,,,,,,
content,"Before purchasing your ______(insert Q18e answer), what made you consider getting a new mobile phone? ",,,,,,,,,,,,,,
qlist,Q53_1,,,,,,,,,,,,,,
,Q53_2,,,,,,,,,,,,,,
,Q53_3,,,,,,,,,,,,,,
,Q53_4,,,,,,,,,,,,,,
,Q53_5,,,,,,,,,,,,,,
,Q53_6,,,,,,,,,,,,,,
,Q53_7,,,,,,,,,,,,,,
,Q53_8,,,,,,,,,,,,,,
,Q53_9,,,,,,,,,,,,,,
,Q53_10,,,,,,,,,,,,,,
,Q53_11,,,,,,,,,,,,,,
,Q53_12,,,,,,,,,,,,,,
,Q53_13,,,,,,,,,,,,,,
qtype,多选题,,,,,,,,,,,,,,
code,Q53_1,The previous mobile phone operated very slowly,,,,,,,,,,,,,
,Q53_2,The camera of the previous mobile phone did not meet my needs,,,,,,,,,,,,,
,Q53_3,The memory of the previous mobile phone was not big enough,,,,,,,,,,,,,
,Q53_4,The screen of the previous mobile phone was not big enough,,,,,,,,,,,,,
,Q53_5,The battery life of the previous mobile phone became quite short,,,,,,,,,,,,,
,Q53_6,Renewed or upgraded of the contract plan,,,,,,,,,,,,,
,Q53_7,The android operating system of the previous mobile phone could not be updated,,,,,,,,,,,,,
,Q53_8,The previous mobile phone was broken/missing,,,,,,,,,,,,,
,Q53_9,The previous mobile phone had been used for a long time and being fed up with it,,,,,,,,,,,,,
,Q53_10,Attracted by a new mobile smartphone model,,,,,,,,,,,,,
,Q53_11,I just want to change my old mobile phone,,,,,,,,,,,,,
,Q53_12,I am a frequent buyer of mobile phones and I change my mobile phone every once in a while,,,,,,,,,,,,,
,Q53_13,"Others, please specify：___________",,,,,,,,,,,,,
key,Q23,,,,,,,,,,,,,,
content,Where did you get information about phone before purchasing your phone? Please choose three most influential channels.,,,,,,,,,,,,,,
qlist,Q23_37,,,,,,,,,,,,,,
,Q23_38,,,,,,,,,,,,,,
,Q23_39,,,,,,,,,,,,,,
,Q23_40,,,,,,,,,,,,,,
,Q23_41,,,,,,,,,,,,,,
,Q23_42,,,,,,,,,,,,,,
,Q23_43,,,,,,,,,,,,,,
,Q23_44,,,,,,,,,,,,,,
,Q23_45,,,,,,,,,,,,,,
,Q23_46,,,,,,,,,,,,,,
,Q23_47,,,,,,,,,,,,,,
,Q23_48,,,,,,,,,,,,,,
,Q23_49,,,,,,,,,,,,,,
,Q23_50,,,,,,,,,,,,,,
,Q23_51,,,,,,,,,,,,,,
,Q23_52,,,,,,,,,,,,,,
,Q23_53,,,,,,,,,,,,,,
,Q23_54,,,,,,,,,,,,,,
qtype,多选题,,,,,,,,,,,,,,
code,Q23_1,Online==Manufactural official website ,,,,,,,,,,,,,
,Q23_2,"Mobile service provider/Carrier's website(e.g. Telcel, ATT, Unefon,Movistar) ",,,,,,,,,,,,,
,Q23_3,"Retailer official website(Coppel, Liverpool, Sanborns, Mix Up) ",,,,,,,,,,,,,
,Q23_4,Internet news  ,,,,,,,,,,,,,
,Q23_5,Internet advertisement ,,,,,,,,,,,,,
,Q23_6,"Social media websites(e.g. facebook, youtube) ",,,,,,,,,,,,,
,Q23_7,Professional reviews on IT websites ,,,,,,,,,,,,,
,Q23_8,Users' reviews on websites ,,,,,,,,,,,,,
,Q23_9,Offline==Brand’s Sales Person ,,,,,,,,,,,,,
,Q23_10,Carrier’s Sales Person ,,,,,,,,,,,,,
,Q23_11,Retailer’s Sales Person ,,,,,,,,,,,,,
,Q23_12,Advertisement in the mobile service provider/carrier store ,,,,,,,,,,,,,
,Q23_13,Advertisement in other store(but not mobile service provider/carrier store) ,,,,,,,,,,,,,
,Q23_14,TV advertisement ,,,,,,,,,,,,,
,Q23_15,Newspapers,,,,,,,,,,,,,
,Q23_16,Magazines,,,,,,,,,,,,,
,Q23_17,Outdoor ads ,,,,,,,,,,,,,
,Q23_18,"Recommendation from friends, families or colleague ",,,,,,,,,,,,,
,Q23_19,Previous experiences ,,,,,,,,,,,,,
,Q23_20,"Online==Manufactural official website (e.g.Apple, Samsung )",,,,,,,,,,,,,
,Q23_21,"Mobile service provider/Carrier's website (e.g AIS, Dtac )",,,,,,,,,,,,,
,Q23_22,Internet news   ,,,,,,,,,,,,,
,Q23_23,Internet advertisement   ,,,,,,,,,,,,,
,Q23_24,"Social media websites(e.g. facebook, youtube) ",,,,,,,,,,,,,
,Q23_25,Professional reviews on IT websites   ,,,,,,,,,,,,,
,Q23_26,Users' reviews on websites ,,,,,,,,,,,,,
,Q23_55,Shopping website,,,,,,,,,,,,,
,Q23_27,Offline==The sales person   ,,,,,,,,,,,,,
,Q23_28,Actual experience with display model   ,,,,,,,,,,,,,
,Q23_29,Advertisement in the mobile service provider/carrier store ,,,,,,,,,,,,,
,Q23_30,Advertisement in other store(but not mobile service provider/carrier store)  ,,,,,,,,,,,,,
,Q23_31,TV advertisement ,,,,,,,,,,,,,
,Q23_32,Newspapers ,,,,,,,,,,,,,
,Q23_33,Magazines ,,,,,,,,,,,,,
,Q23_34,Outdoor ads   ,,,,,,,,,,,,,
,Q23_35,Recommendation from friends and families   ,,,,,,,,,,,,,
,Q23_36,Previous experiences   ,,,,,,,,,,,,,
,Q23_37,Online==Manufactural official website ,,,,,,,,,,,,,
,Q23_38,"Mobile service provider/Carrier's website(e.g.AT&T, Vondafone) ",,,,,,,,,,,,,
,Q23_39,Internet news   ,,,,,,,,,,,,,
,Q23_40,Internet advertisement   ,,,,,,,,,,,,,
,Q23_41,"Social media websites(e.g. facebook, youtube) ",,,,,,,,,,,,,
,Q23_42,Professional reviews on IT websites   ,,,,,,,,,,,,,
,Q23_43,Users' reviews on websites ,,,,,,,,,,,,,
,Q23_56,Shopping website,,,,,,,,,,,,,
,Q23_44,Offline==The sales person   ,,,,,,,,,,,,,
,Q23_45,Actual experience with display model   ,,,,,,,,,,,,,
,Q23_46,Advertisement in the mobile service provider/carrier store ,,,,,,,,,,,,,
,Q23_47,Advertisement in other store(but not mobile service provider/carrier store)  ,,,,,,,,,,,,,
,Q23_48,TV advertisement ,,,,,,,,,,,,,
,Q23_49,Newspapers ,,,,,,,,,,,,,
,Q23_50,Magazines ,,,,,,,,,,,,,
,Q23_51,Outdoor ads   ,,,,,,,,,,,,,
,Q23_52,Recommendation from friends and families   ,,,,,,,,,,,,,
,Q23_53,Previous experiences   ,,,,,,,,,,,,,
,Q23_54,"Others, please specify:(_____________)     ",,,,,,,,,,,,,
key,Q27,,,,,,,,,,,,,,
content,"How much did you pay for your current mobile phone? If you buy your current phone as a contract of operator, please answer by market value.",,,,,,,,,,,,,,
qlist,Q27,,,,,,,,,,,,,,
qtype,单选题,,,,,,,,,,,,,,
code,1,"Less than $1,000.00 ",,,,,,,,,,,,,
,2,"MXN $1,000 a $1,999",,,,,,,,,,,,,
,3,"MXN $2,000  a $2,999 ",,,,,,,,,,,,,
,4,"MXN $3,000 a $3,999 ",,,,,,,,,,,,,
,5,"MXN $4,000  a $5,999  ",,,,,,,,,,,,,
,6,"MXN $6,000  a $7,999 ",,,,,,,,,,,,,
,7,"MXN $8,000 a $9,999 ",,,,,,,,,,,,,
,8,"Less than 3,000 THB",,,,,,,,,,,,,
,9,"3,000 - 5,999 THB ",,,,,,,,,,,,,
,10,"6,000 - 9,999 THB ",,,,,,,,,,,,,
,11,"10,000 - 14,999 THB",,,,,,,,,,,,,
,12,"15,000 - 19,999 THB ",,,,,,,,,,,,,
,13,"20,000 THB and above ",,,,,,,,,,,,,
,14,BELOW ETB 300 ,,,,,,,,,,,,,
,15,ETB 300 - ETB 500,,,,,,,,,,,,,
,16,"ETB 501 - ETB 1,000",,,,,,,,,,,,,
,17,"ETB 1,001 - ETB 1,500",,,,,,,,,,,,,
,18,"ETB 1,501 - ETB 2,000",,,,,,,,,,,,,
,19,"ETB 2,001 - ETB 2,500",,,,,,,,,,,,,
,20,"ETB 2,501 - ETB 3,000",,,,,,,,,,,,,
,21,"ETB 3,001 - ETB 3,500",,,,,,,,,,,,,
,22,"ETB 3,501 - ETB 5,000",,,,,,,,,,,,,
,23,"ETB 5,001 - ETB 10,000",,,,,,,,,,,,,
,24,"ETB 10,001–ETB 15,000",,,,,,,,,,,,,
,25,"ETB 15,001- ETB 20,000",,,,,,,,,,,,,
,26,"ETB 20,001- ETB 35,000",,,,,,,,,,,,,
,27,"Above ETB 35,000",,,,,,,,,,,,,
,28,Below $149 ,,,,,,,,,,,,,
,29,$149 to $199 ,,,,,,,,,,,,,
,30,$200 to $299 ,,,,,,,,,,,,,
,31,$300 to $399 ,,,,,,,,,,,,,
,32,$400 to $499 ,,,,,,,,,,,,,
,33,$500 to $599 ,,,,,,,,,,,,,
,34,$600 to $699 ,,,,,,,,,,,,,
,35,$700 to $799 ,,,,,,,,,,,,,
,36,800 $ and above,,,,,,,,,,,,,
,37,Below €149 ,,,,,,,,,,,,,
,38,€149 to €199 ,,,,,,,,,,,,,
,39,€200 to €299 ,,,,,,,,,,,,,
,40,€300 to €399 ,,,,,,,,,,,,,
,41,€400 to €499 ,,,,,,,,,,,,,
,42,€500 to €599 ,,,,,,,,,,,,,
,43,€600 to €699 ,,,,,,,,,,,,,
,44,€700 to €799 ,60,25000-29999RUB,,,,,,,,,,,
,45,800 € and above,61,3000-34999RUB,,,,,,,,,,,
,46,Below PLN 599 ,62,35000-39999RUB,,,,,,,,,,,
,47,PLN 599 to PLN 899 ,63,40000RUB以上,,,,,,,,,,,
,48,PLN 900 to PLN 1199 ,,,,,,,,,,,,,
,49,PLN 1200 to PLN 1499 ,,,,,,,,,,,,,
,50,PLN 1500 to PLN 1799 ,,,,,,,,,,,,,
,51,PLN 1800 to PLN 2099 ,,,,,,,,,,,,,
,52,PLN 2100to PLN 2399 ,,,,,,,,,,,,,
,53,PLN 2400 to PLN 2699 ,,,,,,,,,,,,,
,54,PLN 2700 and above,,,,,,,,,,,,,
,55,5000RUB以下,,,,,,,,,,,,,
,56,5000-9999RUB,,,,,,,,,,,,,
,57,10000-14999RUB,,,,,,,,,,,,,
,58,15000-19999RUB,,,,,,,,,,,,,
,59,2000-24999RUB,,,,,,,,,,,,,
,60,25000-29999RUB,,,,,,,,,,,,,
,61,3000-34999RUB,,,,,,,,,,,,,
,62,35000-39999RUB,,,,,,,,,,,,,
,63,25000RUB以上,,,,,,,,,,,,,
,64,不知道/拒绝回答,,,,,,,,,,,,,
,65,"MXN $10,000 and above",,,,,,,,,,,,,
code_order,5000RUB以下,,,,,,,,,,,,,,
,5000-9999RUB,,,,,,,,,,,,,,
,10000-14999RUB,,,,,,,,,,,,,,
,15000-19999RUB,,,,,,,,,,,,,,
,2000-24999RUB,,,,,,,,,,,,,,
,25000RUB以上,,,,,,,,,,,,,,
key,Q28,,,,,,,,,,,,,,
content,How long would you consider reasonable to use a mobile phone before replacing or upgrading the mobile phone?,,,,,,,,,,,,,,
qlist,Q28,,,,,,,,,,,,,,
qtype,单选题,,,,,,,,,,,,,,
code,1,Less than 6 months ,,,,,,,,,,,,,
,2,6 months to less than 12 months ,,,,,,,,,,,,,
,3,12 months to less than 18 months,,,,,,,,,,,,,
,4,18 months to less than 2 years,,,,,,,,,,,,,
,5,2 years to less than 2.5 years,,,,,,,,,,,,,
,6,2.5years to less than 3 years,,,,,,,,,,,,,
,7,3 years or more,,,,,,,,,,,,,
,8,"Not sure, do not replace the old one until I have to ",,,,,,,,,,,,,
key,Q29,,,,,,,,,,,,,,
content,"When you purchase your next mobile phone, what price range will you most likely target? ",,,,,,,,,,,,,,
qlist,Q29,,,,,,,,,,,,,,
qtype,单选题,,,,,,,,,,,,,,
code,1,"Less than $1,000.00 ",,,,,,,,,,,,,
,2,"MXN $1,000  a $1,999 ",,,,,,,,,,,,,
,3,"MXN $2,000  a $2,999 ",,,,,,,,,,,,,
,4,"MXN $3,000  a $3,999 ",,,,,,,,,,,,,
,5,"MXN $4,000  a $5,999  ",,,,,,,,,,,,,
,6,"MXN $6,000  a $7,999  ",,,,,,,,,,,,,
,7,"MXN $8,000  a $ 9,999  ",,,,,,,,,,,,,
,8,"Less than 3,000 THB",,,,,,,,,,,,,
,9,"3,000 - 5,999 THB ",,,,,,,,,,,,,
,10,"6,000 - 9,999 THB ",,,,,,,,,,,,,
,11,"10,000 - 14,999 THB",,,,,,,,,,,,,
,12,"15,000 - 19,999 THB ",,,,,,,,,,,,,
,13,"20,000 THB and above ",,,,,,,,,,,,,
,14,BELOW ETB 300 ,,,,,,,,,,,,,
,15,ETB 300 - ETB 500,,,,,,,,,,,,,
,16,"ETB 501 - ETB 1,000",,,,,,,,,,,,,
,17,"ETB 1,001 - ETB 1,500",,,,,,,,,,,,,
,18,"ETB 1,501 - ETB 2,000",,,,,,,,,,,,,
,19,"ETB 2,001 - ETB 2,500",,,,,,,,,,,,,
,20,"ETB 2,501 - ETB 3,000",,,,,,,,,,,,,
,21,"ETB 3,001 - ETB 3,500",,,,,,,,,,,,,
,22,"ETB 3,501 - ETB 5,000",,,,,,,,,,,,,
,23,"ETB 5,001 - ETB 10,000",,,,,,,,,,,,,
,24,"ETB 10,001–ETB 15,000",,,,,,,,,,,,,
,25,"ETB 15,001- ETB 20,000",,,,,,,,,,,,,
,26,"ETB 20,001- ETB 35,000",,,,,,,,,,,,,
,27,"Above ETB 35,000",,,,,,,,,,,,,
,28,Below $149 ,,,,,,,,,,,,,
,29,$149 to $199 ,,,,,,,,,,,,,
,30,$200 to $299 ,,,,,,,,,,,,,
,31,$300 to $399 ,,,,,,,,,,,,,
,32,$400 to $499 ,,,,,,,,,,,,,
,33,$500 to $599 ,,,,,,,,,,,,,
,34,$600 to $699 ,,,,,,,,,,,,,
,35,$700 to $799 ,,,,,,,,,,,,,
,36,800 $ and above,,,,,,,,,,,,,
,37,Below €149 ,,,,,,,,,,,,,
,38,€149 to €199 ,,,,,,,,,,,,,
,39,€200 to €299 ,,,,,,,,,,,,,
,40,€300 to €399 ,,,,,,,,,,,,,
,41,€400 to €499 ,,,,,,,,,,,,,
,42,€500 to €599 ,,,,,,,,,,,,,
,43,€600 to €699 ,,,,,,,,,,,,,
,44,€700 to €799 ,,,,,,,,,,,,,
,45,800 € and above,,,,,,,,,,,,,
,46,Below PLN 599 ,,,,,,,,,,,,,
,47,PLN 599 to PLN 899 ,,,,,,,,,,,,,
,48,PLN 900 to PLN 1199 ,,,,,,,,,,,,,
,49,PLN 1200 to PLN 1499 ,,,,,,,,,,,,,
,50,PLN 1500 to PLN 1799 ,,,,,,,,,,,,,
,51,PLN 1800 to PLN 2099 ,,,,,,,,,,,,,
,52,PLN 2100to PLN 2399 ,,,,,,,,,,,,,
,53,PLN 2400 to PLN 2699 ,,,,,,,,,,,,,
,54,PLN 2700 and above,,,,,,,,,,,,,
,55,5000RUB以下,,,,,,,,,,,,,
,56,5000-9999RUB,,,,,,,,,,,,,
,57,10000-14999RUB,,,,,,,,,,,,,
,58,15000-19999RUB,,,,,,,,,,,,,
,59,2000-24999RUB,,,,,,,,,,,,,
,60,25000-29999RUB,,,,,,,,,,,,,
,61,3000-34999RUB,,,,,,,,,,,,,
,62,35000-39999RUB,,,,,,,,,,,,,
,63,40000RUB以上,,,,,,,,,,,,,
,64,不知道/不确定,,,,,,,,,,,,,
,65,"MXN $10,000 and above",,,,,,,,,,,,,
key,Q30,,,,,,,,,,,,,,
content,"How satisfied are you with the your current mobile phone? Please rate your satisfaction on a scale from 1 to 10, where 10 is Extremely Satisfied, and 1 is Not Satisfied At All.",,,,,,,,,,,,,,
qlist,Q30,,,,,,,,,,,,,,
qtype,单选题,,,,,,,,,,,,,,
code,10,10,,,,,,,,,,,,,
,9,9,,,,,,,,,,,,,
,8,8,,,,,,,,,,,,,
,7,7,,,,,,,,,,,,,
,6,6,,,,,,,,,,,,,
,5,5,,,,,,,,,,,,,
,4,4,,,,,,,,,,,,,
,3,3,,,,,,,,,,,,,
,2,2,,,,,,,,,,,,,
,1,1,,,,,,,,,,,,,
key,Q31,,,,,,,,,,,,,,
content,"On a scale of 0 to 10, how likely are you to recommend your current mobile phone brand to your Friends, or colleagues or relatives? Here 10 would stand for ""Extremely Likely to recommend"", and 0 would stand for ""Not at all likely to recommend"" ",,,,,,,,,,,,,,
qlist,Q31,,,,,,,,,,,,,,
qtype,单选题,,,,,,,,,,,,,,
code,10,10,,,,,,,,,,,,,
,9,9,,,,,,,,,,,,,
,8,8,,,,,,,,,,,,,
,7,7,,,,,,,,,,,,,
,6,6,,,,,,,,,,,,,
,5,5,,,,,,,,,,,,,
,4,4,,,,,,,,,,,,,
,3,3,,,,,,,,,,,,,
,2,2,,,,,,,,,,,,,
,1,1,,,,,,,,,,,,,
,0,0,,,,,,,,,,,,,
key,Q32,,,,,,,,,,,,,,
content,Could you please tell me in what aspects you are dissatisfied with your current mobile phone?,,,,,,,,,,,,,,
qlist,Q32_1,,,,,,,,,,,,,,
,Q32_2,,,,,,,,,,,,,,
,Q32_3,,,,,,,,,,,,,,
,Q32_4,,,,,,,,,,,,,,
,Q32_5,,,,,,,,,,,,,,
,Q32_6,,,,,,,,,,,,,,
,Q32_7,,,,,,,,,,,,,,
,Q32_8,,,,,,,,,,,,,,
,Q32_9,,,,,,,,,,,,,,
,Q32_10,,,,,,,,,,,,,,
,Q32_11,,,,,,,,,,,,,,
,Q32_12,,,,,,,,,,,,,,
,Q32_13,,,,,,,,,,,,,,
,Q32_14,,,,,,,,,,,,,,
,Q32_15,,,,,,,,,,,,,,
,Q32_16,,,,,,,,,,,,,,
,Q32_17,,,,,,,,,,,,,,
,Q32_18,,,,,,,,,,,,,,
,Q32_19,,,,,,,,,,,,,,
,Q32_20,,,,,,,,,,,,,,
,Q32_21,,,,,,,,,,,,,,
qtype,多选题,,,,,,,,,,,,,,
code,Q32_1,Low processing speed,,,,,,,,,,,,,
,Q32_2,Getting hot in daily use    ,,,,,,,,,,,,,
,Q32_3,Low resolution,,,,,,,,,,,,,
,Q32_4,Distortion of display color,,,,,,,,,,,,,
,Q32_5,Insensitive touchscreen    ,,,,,,,,,,,,,
,Q32_6,Low pixel of front camera,,,,,,,,,,,,,
,Q32_7,Low pixel of rear camera,,,,,,,,,,,,,
,Q32_8,Overall workmanship is not good,,,,,,,,,,,,,
,Q32_9,Software running is not smooth,,,,,,,,,,,,,
,Q32_10,Sliding of interface is not smooth,,,,,,,,,,,,,
,Q32_11,The battery life/duration is short,,,,,,,,,,,,,
,Q32_12,The mobile phone has abnormal power consumption    ,,,,,,,,,,,,,
,Q32_13,Restart after crash    ,,,,,,,,,,,,,
,Q32_14,After-sales is not good,,,,,,,,,,,,,
,Q32_15,Weak signal / noise during calls    ,,,,,,,,,,,,,
,Q32_16,Poor sound quality / noise,,,,,,,,,,,,,
,Q32_17,Some Apps appear to no response or flash back sometimes    ,,,,,,,,,,,,,
,Q32_18,The system getting stuck occasionally    ,,,,,,,,,,,,,
,Q32_19,Storage capacity is small,,,,,,,,,,,,,
,Q32_20,"Others, please specify:________    ",,,,,,,,,,,,,
,Q32_21,None of the above,,,,,,,,,,,,,
key,Q49,,,,,,,,,,,,,,
content,What is your marital status?,,,,,,,,,,,,,,
qlist,Q49,,,,,,,,,,,,,,
qtype,单选题,,,,,,,,,,,,,,
code,1,Married ,,,,,,,,,,,,,
,2,Single ,,,,,,,,,,,,,
,3,Divorced ,,,,,,,,,,,,,
,4,Separated ,,,,,,,,,,,,,
,5,Widowed ,,,,,,,,,,,,,
,6,Living with partner ,,,,,,,,,,,,,
,7,Refused ,,,,,,,,,,,,,
key,Q50,,,,,,,,,,,,,,
content,What is your occupation?,,,,,,,,,,,,,,
qlist,Q50,,,,,,,,,,,,,,
qtype,单选题,,,,,,,,,,,,,,
code,1,管理层高层,,,,,,,,,,,,,
,2,管理层中层,,,,,,,,,,,,,
,3,商人或企业主,,,,,,,,,,,,,
,4,其余白领职业（如牧师或文秘等）,,,,,,,,,,,,,
,5,学生,,,,,,,,,,,,,
,6,蓝领-技术/半技术工种,,,,,,,,,,,,,
,7,蓝领-劳工,,,,,,,,,,,,,
,8,家庭主妇,,,,,,,,,,,,,
,9,退休,,,,,,,,,,,,,
,10,失业/待业,,,,,,,,,,,,,
,11,拒绝回答,,,,,,,,,,,,,
,12,其他,,,,,,,,,,,,,
key,Q51,,,,,,,,,,,,,,
content,What is the highest level of education you have completed or the highest degree you have received? ,,,,,,,,,,,,,,
qlist,Q51,,,,,,,,,,,,,,
qtype,单选题,,,,,,,,,,,,,,
code,1,No Schooling,,,,,,,,,,,,,
,2,Primary,,,,,,,,,,,,,
,3,Secondary,,,,,,,,,,,,,
,4,Preparatory/Technical school,,,,,,,,,,,,,
,5,University,,,,,,,,,,,,,
,6,"Master's, doctoral or above",,,,,,,,,,,,,
,7,No formal education               ,,,,,,,,,,,,,
,8,Elementary school               ,,,,,,,,,,,,,
,9,Secondary school                ,,,,,,,,,,,,,
,10,High school                ,,,,,,,,,,,,,
,11,Diploma/Vocational level/High school,,,,,,,,,,,,,
,12,Bachelor's degree                ,,,,,,,,,,,,,
,13,Higher than Bachelor's degree      ,,,,,,,,,,,,,
,14,No school,,,,,,,,,,,,,
,15,Primary school,,,,,,,,,,,,,
,16,Secondary school (High School),,,,,,,,,,,,,
,17,College/university,,,,,,,,,,,,,
,18,Post graduate,,,,,,,,,,,,,
,19,Some grade school ,,,,,,,,,,,,,
,20,Completed grade school ,,,,,,,,,,,,,
,21,Some high school ,,,,,,,,,,,,,
,22,Completed high school ,,,,,,,,,,,,,
,23,Some college ,,,,,,,,,,,,,
,24,Completed college ,,,,,,,,,,,,,
,25,Post graduate ,,,,,,,,,,,,,
,26,Secondary school/ High school (9-year degree) without completed apprenticeship,,,,,,,,,,,,,
,27,Secondary school/ High school (9-year degree) with completed apprenticeship,,,,,,,,,,,,,
,28,"Higher education without graduate ""Abitur""",,,,,,,,,,,,,
,29,"Higher education with graduate ""Abitur"" (comparable to associate degree)",,,,,,,,,,,,,
,30,University/equal to University,,,,,,,,,,,,,
,31,Primary education incomplete,,,,,,,,,,,,,
,32,"Primary education complete, general culture",,,,,,,,,,,,,
,33,Professional training,,,,,,,,,,,,,
,34,Elementary Bachelor/E.G.B.,,,,,,,,,,,,,
,35,Superior Bachelor/B.U.P./C.O.U.,,,,,,,,,,,,,
,36,"University studies (Technical Engineering, Teaching, etc)",,,,,,,,,,,,,
,37,Superior University Studies,,,,,,,,,,,,,
,38,Primary (including gymnasium),,,,,,,,,,,,,
,39,Vocational,,,,,,,,,,,,,
,40,Technical secondary,,,,,,,,,,,,,
,41,General secondary,,,,,,,,,,,,,
,42,2-3 year College,,,,,,,,,,,,,
,43,Incomplete university education (minimum of 6 semesters completed),,,,,,,,,,,,,
,44,Complete University Education,,,,,,,,,,,,,
,45,小学/中学未完成,,,,,,,,,,,,,
,46,中学,,,,,,,,,,,,,
,47,中专,,,,,,,,,,,,,
,48,高中未完成,,,,,,,,,,,,,
,49,高等教育/二年制/研究生,,,,,,,,,,,,,
,50,拒绝回答,,,,,,,,,,,,,
key,Q52,,,,,,,,,,,,,,
content,"Which of the following income categories best describes your total monthly （For USA, change to annual）household income before taxes?",,,,,,,,,,,,,,
qlist,Q52,,,,,,,,,,,,,,
qtype,单选题,,,,,,,,,,,,,,
code,1,"Less than $3,399 MXN  ",,,,,,,,,,,,,
,2,"De $3,400 a $6,799 MXN",,,,,,,,,,,,,
,3,"De $6,800 a $9,999 MXN",,,,,,,,,,,,,
,4,"De $10,000 a $13,999 MXN",,,,,,,,,,,,,
,5,"De $14,000 a $19,999 MXN",,,,,,,,,,,,,
,6,"De $20,000 a $32,000 MXN",,,,,,,,,,,,,
,7,"$32,000 MXN and above ",,,,,,,,,,,,,
,8,"Less than 15,000 THB",,,,,,,,,,,,,
,9,"15,000 - 19,999 THB ",,,,,,,,,,,,,
,10,"20,000 - 39,999 THB ",,,,,,,,,,,,,
,11,"40,000 - 49,999 THB",,,,,,,,,,,,,
,12,"50,000 THB and above ",,,,,,,,,,,,,
,13,"ETB 2,000 or less",,,,,,,,,,,,,
,14,"ETB 2,001–ETB 4,000",,,,,,,,,,,,,
,15,"ETB 4,001-ETB 10,000",,,,,,,,,,,,,
,16,"ETB 10,001–ETB 15,000",,,,,,,,,,,,,
,17,"ETB 15,0001-ETH 20,000",,,,,,,,,,,,,
,18,"ETB 20,0001-ETH 35,000",,,,,,,,,,,,,
,19,"Above ETB 35,000",,,,,,,,,,,,,
,20,"Less than $25,000 ",,,,,,,,,,,,,
,21,"$25,000-$29,999 ",,,,,,,,,,,,,
,22,"$30,000-$34,999 ",,,,,,,,,,,,,
,23,"$35,000-$39,999 ",,,,,,,,,,,,,
,24,"$40,000-$44,999 ",,,,,,,,,,,,,
,25,"$45,000-$49,999 ",,,,,,,,,,,,,
,26,"$50,000-$74,999 ",,,,,,,,,,,,,
,27,"$75,000-$99,999 ",,,,,,,,,,,,,
,28,"$100,000-$149,999 ",,,,,,,,,,,,,
,29,"$150,000-$199,999 ",,,,,,,,,,,,,
,30,"$200,000 or more ",,,,,,,,,,,,,
,31,Under 750 EURO,,,,,,,,,,,,,
,32,751 - 1.500 EURO,,,,,,,,,,,,,
,33,1.501 - 2.000 EURO,,,,,,,,,,,,,
,34,2.001 - 2.500 EURO,,,,,,,,,,,,,
,35,2.501 - 3.000 EURO,,,,,,,,,,,,,
,36,3.001 - 4.000 EURO,,,,,,,,,,,,,
,37,4.001 - 5.000 EURO,,,,,,,,,,,,,
,38,5.001 EURO and above,,,,,,,,,,,,,
,39,Less than 999 PLN,,,,,,,,,,,,,
,40,From 1000 to 1999 PLN,,,,,,,,,,,,,
,41,From 2000 to 2999 PLN,,,,,,,,,,,,,
,42,From 3000 to 3999 PLN,,,,,,,,,,,,,
,43,From 4000 to 4999 PLN,,,,,,,,,,,,,
,44,From 5000 to 5999 PLN,,,,,,,,,,,,,
,45,From 6000 to 6999 PLN,,,,,,,,,,,,,
,46,From 7000 PLN and above,,,,,,,,,,,,,
,47,4000RUB以下,,,,,,,,,,,,,
,48,4001-5000RUB,,,,,,,,,,,,,
,49,5001-6000RUB,,,,,,,,,,,,,
,50,6001-7000,,,,,,,,,,,,,
,51,7001-8000RUB,,,,,,,,,,,,,
,52,8001-9000RUB,,,,,,,,,,,,,
,53,9001-10000RUB,,,,,,,,,,,,,
,54,"10,001-11,000RUB",,,,,,,,,,,,,
,55,"11,001-12,000RUB",,,,,,,,,,,,,
,56,"12,001-15,000RUB",,,,,,,,,,,,,
,57,"15,001-20,000RUB",,,,,,,,,,,,,
,58,"20,001-25,000RUB",,,,,,,,,,,,,
,59,"25,001-30,000RUB",,,,,,,,,,,,,
,60,"30,001-40,000RUB",,,,,,,,,,,,,
,61,"40,001-50,000RUB",,,,,,,,,,,,,
,62,"50,001-60,000RUB",,,,,,,,,,,,,
,63,"60,001-70,000RUB",,,,,,,,,,,,,
,64,"70,00-80,000RUB",,,,,,,,,,,,,
,65,"80,001-90,000RUB",,,,,,,,,,,,,
,66,"90,001-100,000RUB",,,,,,,,,,,,,
,67,"100,000RUB以上",,,,,,,,,,,,,
,68,拒绝回答,,,,,,,,,,,,,
